{"iter": [17000, 17010, 17020, 17030, 17040, 17050, 17060, 17070, 17080, 17090, 17100, 17110, 17120], "loss": [0.9010767936706543, 0.9010767936706543, 0.9010767936706543, 0.9010767936706543, 0.9010767936706543, 0.9010767936706543, 0.9010767936706543, 0.9010767936706543, 0.9010767936706543, 0.9010767936706543, 0.9010767936706543, 0.9010767936706543, 0.9010767936706543]}