{"iter": [0, 10, 20, 30, 40, 50, 60, 70, 80, 90, 100, 110, 120, 130, 140, 150, 160, 170, 180, 190, 200, 210, 220, 230, 240, 250, 260, 270, 280, 290, 300, 310, 320, 330, 340, 350, 360, 370, 380, 390, 400, 410, 420, 430, 440, 450, 460, 470, 480, 490, 500, 510, 520, 530, 540, 550, 560, 570, 580, 590, 600, 610, 620, 630, 640, 650, 660, 670, 680, 690, 700, 710, 720, 730, 740, 750, 760, 770, 780, 790, 800, 810, 820, 830, 840, 850, 860, 870, 880, 890, 900, 910, 920, 930, 940, 950, 960, 970, 980, 990, 1000, 1010, 1020, 1030, 1040, 1050, 1060, 1070, 1080, 1090, 1100, 1110, 1120, 1130, 1140, 1150, 1160, 1170, 1180, 1190, 1200, 1210, 1220, 1230, 1240, 1250, 1260, 1270, 1280, 1290, 1300, 1310, 1320, 1330, 1340, 1350, 1360, 1370, 1380, 1390, 1400, 1410, 1420, 1430, 1440, 1450, 1460, 1470, 1480, 1490, 1500, 1510, 1520, 1530, 1540, 1550, 1560, 1570, 1580, 1590, 1600, 1610, 1620, 1630, 1640, 1650, 1660, 1670, 1680, 1690, 1700, 1710, 1720, 1730, 1740, 1750, 1760, 1770, 1780], "loss": [4.936362266540527, 3.4834766387939453, 2.9420273303985596, 2.668316125869751, 2.5867106914520264, 2.5207555294036865, 2.5039801597595215, 2.4837405681610107, 2.4838595390319824, 2.489443063735962, 2.465733528137207, 2.467773675918579, 2.478963613510132, 2.4697437286376953, 2.4578194618225098, 2.460890531539917, 2.4564428329467773, 2.409806728363037, 2.4007575511932373, 2.315763473510742, 2.284881114959717, 2.2503163814544678, 2.2113170623779297, 2.205997943878174, 2.148731231689453, 2.116499185562134, 2.08882212638855, 2.07907772064209, 2.0636188983917236, 2.027047872543335, 2.0332565307617188, 1.9918886423110962, 1.9680105447769165, 1.9875767230987549, 1.9761509895324707, 1.923373818397522, 1.9327421188354492, 1.8977957963943481, 1.89720618724823, 1.8920198678970337, 1.8900518417358398, 1.845253586769104, 1.8715566396713257, 1.8370453119277954, 1.8459563255310059, 1.8491274118423462, 1.8262499570846558, 1.7921948432922363, 1.7925381660461426, 1.7881113290786743, 1.7811988592147827, 1.7472612857818604, 1.757257103919983, 1.7457846403121948, 1.7358685731887817, 1.7429649829864502, 1.7243762016296387, 1.6861398220062256, 1.707762360572815, 1.6886109113693237, 1.6708402633666992, 1.686668038368225, 1.6529972553253174, 1.6557745933532715, 1.6546233892440796, 1.7030422687530518, 1.6621718406677246, 1.6459578275680542, 1.6694356203079224, 1.6686967611312866, 1.62307870388031, 1.6120084524154663, 1.604738473892212, 1.607114553451538, 1.6185688972473145, 1.6036388874053955, 1.583779215812683, 1.6350324153900146, 1.5458952188491821, 1.583672285079956, 1.5539363622665405, 1.587908387184143, 1.5866774320602417, 1.5923924446105957, 1.520850658416748, 1.5297993421554565, 1.5370805263519287, 1.547415018081665, 1.562276005744934, 1.5425021648406982, 1.5455939769744873, 1.5457727909088135, 1.543294906616211, 1.5417044162750244, 1.5557054281234741, 1.5460519790649414, 1.5413923263549805, 1.5505948066711426, 1.5330926179885864, 1.5187451839447021, 1.4928017854690552, 1.6388925313949585, 1.6314647197723389, 1.619629144668579, 1.6315817832946777, 1.6033374071121216, 1.5896775722503662, 1.5842787027359009, 1.5776010751724243, 1.5850921869277954, 1.565638542175293, 1.5576269626617432, 1.5813738107681274, 1.5597093105316162, 1.546265959739685, 1.5494343042373657, 1.57073175907135, 1.5424085855484009, 1.5351791381835938, 1.4928812980651855, 1.5125869512557983, 1.5066365003585815, 1.5210390090942383, 1.5154180526733398, 1.5079067945480347, 1.4826292991638184, 1.4782791137695312, 1.4858437776565552, 1.4881412982940674, 1.4801868200302124, 1.4997926950454712, 1.4584167003631592, 1.4522217512130737, 1.4790273904800415, 1.4817413091659546, 1.442708969116211, 1.463189721107483, 1.4471325874328613, 1.452544093132019, 1.4536988735198975, 1.4601988792419434, 1.4140056371688843, 1.4667359590530396, 1.4308522939682007, 1.4418517351150513, 1.466395378112793, 1.43351149559021, 1.424985408782959, 1.4149470329284668, 1.4156368970870972, 1.4251459836959839, 1.3902183771133423, 1.409303903579712, 1.4088953733444214, 1.401932716369629, 1.4181386232376099, 1.4096206426620483, 1.3614898920059204, 1.3876487016677856, 1.3766015768051147, 1.361225962638855, 1.391491413116455, 1.3601893186569214, 1.3685035705566406, 1.358580470085144, 1.3984218835830688, 1.3799346685409546, 1.3708652257919312, 1.3973479270935059, 1.4140362739562988, 1.3473730087280273, 1.3419302701950073, 1.337990164756775, 1.354973316192627, 1.359982967376709, 1.3559869527816772, 1.330458164215088, 1.392817735671997, 1.3171409368515015]}