{"iter": [0, 10, 20, 30, 40, 50, 60, 70, 80, 90, 100, 110, 120, 130, 140, 150, 160, 170, 180, 190, 200, 210, 220, 230, 240, 250, 260, 270, 280, 290, 300, 310, 320, 330, 340, 350, 360, 370, 380, 390, 400], "loss": [4.936362266540527, 3.4834766387939453, 2.9420273303985596, 2.668316125869751, 2.5867106914520264, 2.5207555294036865, 2.5039801597595215, 2.4837405681610107, 2.4838595390319824, 2.489443063735962, 2.465733528137207, 2.4677786827087402, 2.4790279865264893, 2.4697248935699463, 2.457914113998413, 2.4608218669891357, 2.4562129974365234, 2.4088571071624756, 2.3992745876312256, 2.3154709339141846, 2.282207727432251, 2.2457680702209473, 2.2107694149017334, 2.2021169662475586, 2.1477649211883545, 2.0971603393554688, 2.1197328567504883, 2.0774776935577393, 2.0358099937438965, 2.049910306930542, 2.0136239528656006, 1.9920717477798462, 1.9722983837127686, 1.9645583629608154, 1.9518821239471436, 1.9233382940292358, 1.92695152759552, 1.9143381118774414, 1.9095046520233154, 1.8910306692123413, 1.8813437223434448]}