{"iter": [0, 10, 20, 30, 40, 50, 60, 70], "loss": [4.936362266540527, 3.4834766387939453, 2.9420273303985596, 2.668316125869751, 2.5867106914520264, 2.5207555294036865, 2.5039801597595215, 2.4837405681610107]}